{
    "app": "Oguztravel - You Dream It, We Plan It",

    "Sign in": "Sign In",
    "Enter your username and password": "Enter your username and password",
    "Full name": "Full name",
    "Username": "Username",
    "Enter username": "Enter username",
    "Password": "Password",
    "Enter password": "Enter password",
    "Remember me": "Remember me",

    "Welcome": "Welcome",
    "View profile": "View profile",
    "Log out": "Log out",
    "Menu": "Menu",
    "Dashboard": "Dashboard",
    "Banners": "Banners",
    "Banner": "Banner",
    "About us": "About us",
    "Services": "Services",
    "Service": "Service",
    "Covers": "Covers",
    "Cover": "Cover",
    "Tours": "Tours",
    "Tours Page": "Tours Page",
    "Turkmenistan Page": "Turkmenistan Page",
    "Tour": "Tour",
    "Turkmenistan": "Turkmenistan",
    "Contact us": "Contact us",
    "Contact": "Contact us",
    "Messages": "Messages",
    "Message": "Message",
    "Categories": "Categories",
    "Category": "Category",
    "Languages": "Languages",

    "Status": "Status",
    "Search": "Search",
    "Country name": "Country name",
    "Choose country": "Choose country",
    "All": "All",
    "Create new": "Create new",
    "Name": "Name",
    "Submit": "Submit",
    "Edit": "Edit",
    "Delete": "Delete",
    "Field required": "The field is required",
    "want to remove": "Do your want to remove?",
    "Desc": "Description",
    "Description": "Description",
    "Ordering": "Order",
    "Image": "Image",
    "Choose image": "Choose image",

    "Manage your profile": "Manage your profile",
    "My profile": "My profile",
    "Update profile": "Update profile",
    "Cancel": "Cancel",
    "Password confirmation": "Password confirmation",

    "Edit thing": "Edit :thing",
    "Create new thing": "Create new :thing",
    "index page": ":name index page",
    "Ordering thing": "Order the :name",
    "not exist": ":thing does not exist.",
    "Created msg": ":name has been created.",
    "Updated msg": ":name has been updated.",
    "Deleted msg": ":name has been deleted.",
    "Ordered msg": ":name has been ordered.",
    "Added msg": ":name has been added.",
    "Exists msg": ":name already exists.",

    "Title": "Title",
    "Subtitle": "Subtitle",
    "Redirect link": "Redirect link",
    "URL": "URL",
    "Link": "Link",
    "Is it active?": "Is it active?",
    "See all": "See all",
    "Manage dashboard": "Welcome to dashboard. Here you can manage the system.",
    "Read more": "Read more",
    "Active": "Active",
    "Not active": "Not active",
    "Create new social link": "Create new social link",
    "Data": "Data",
    "Action": "Action",
    "Contact data": "Contact data",

    "Slug": "Slug",
    "Cover image": "Cover image",
    "Banner image": "Banner image",
    "Phone": "Phone",
    "Email": "Email",
    "Address": "Address",

    "Filters": "Filters",
    "Follow us": "Follow us",
    "Useful links": "Useful links",
    "Contact with Us": "Contact with Us",
    "View all": "View all",
    "Home": "Home",
    "Home page": "Home page",
    "Our services": "Our services",
    "Send an inquiry": "Send an inquiry",
    "Galleries": "Galleries",
    "Include / Exclude": "Include / Exclude",
    "Details": "Details",
    "Booking": "Booking",
    "Send inquiry": "Send inquiry",
    
    "Send": "Send",
    "Surname": "Surname",
    "Patronymic": "Patronymic",
    "Mobile number": "Mobile number",
    "Date of birth": "Date of birth",
    "Applicant type": "Applicant type",
    "Inbound": "Inbound",
    "Bound": "Inbond",
    "Outbound": "Outbond",
    "Scanned passport": "Scanned passport",
    "Send a message": "Send a message",
    "Select subject": "Select subject",
    "Select Gender": "Select Gender",
    "Select Bound": "Select Bound",
    "Male": "Male",
    "Female": "Female",
    "Contact information": "Contact information",

    "Country": "Country",
    "Countries": "Countries",
    "City": "City",
    "Booking date": "Booking date",
    "Room type": "Room type",
    "Single Bed": "Single Bed",
    "Double Bed": "Double Bed",
    "King Size Bed": "King Size Bed",
    "Double Room": "Double Room",
    "single_bed": "Single Bed",
    "double_bed": "Double Bed",
    "king_size_bed": "King Size Bed",
    "double_room": "Double Room",
    "Guests": "Guests",
    "Adults": "Adults",
    "Children": "Children",
    "From": "From",
    "To": "To",
    "One way": "One way",
    "Round trip": "Round trip",
    "Boarding date": "Boarding date",
    "Returning date": "Returning date",
    "Planned date": "Planned date",
    "Type passport information": "Type passport information",
    "Upload passport": "Upload passport",
    "Passport number": "Passport number",
    "Passport expiry date": "Passport expiry date",
    "Scanned document": "Scanned document",
    "Inner passport and birth certificate": "Inner passport and birth certificate",
    "Document photo": "Document photo",
    "Note": "Note",
    "Message qty": "Message qty",
    "Subjects": "Subjects",
    "Subject": "Subject",
    "Scanned passport file": "Scanned passport file",
    
    "Request has been sent": "Your request has been sent.",
    "Your message has been sent": "Your message has been sent.",

    "TM requests": "TM requests",
    "Turkmenistan requests": "Turkmenistan requests",
    "Turkmenistan request": "Turkmenistan request",
    "Tour requests": "Tour requests",
    "Tour request": "Tour request",
    "Ticket type": "Ticket type",
    "Oneway": "Oneway",
    "Round": "Round",
    "None": "None",
    "Download": "Download",
    "Visa": "Visa",
    "Ticket": "Ticket",
    "Hotel": "Hotel",
    "Translation": "Translation",
    "Visa request": "Visa request",
    "Visa requests": "Visa requests",
    "Ticket request": "Ticket request",
    "Ticket requests": "Ticket requests",
    "Hotel request": "Hotel request",
    "Hotel requests": "Hotel requests",
    "Translation request": "Translation request",
    "Translation requests": "Translation requests",
    "Pages": "Pages",
    "Service Requests": "Service Requests",
    "Tour Requests": "Tour Requests",
    "Date": "Date",
    "Planned Country": "Planned Country",
    "Clients": "Clients",
    "New Clients Added": "New Clients Added",
    "Price": "Price",
    "per person": "per person",
    "Discount": "Discount",
    "Percentage": "Percentage",
    "Discount end time": "Discount end time",
    "Discount Price": "Discount Price",
    "Birthday":"Birthday",
    "Privacy Policy": "Privacy Policy",
    "Check here to indicate that you have read and agree to the terms of the": "Check here to indicate that you have read and agree to the terms of the",

    "Emails": "Email",
    "Mailing": "Mailing",
    "Set new Mailing": "Set new Mailing",
    "Select email design": "Select email design"
}