{
    "app": "Oguztravel - You Dream It, We Plan It",

    "Sign in": "Войти",
    "Enter your username and password": "Введите имя пользователя и пароль",
    "Full name": "ФИО",
    "Username": "Имя пользователя",
    "Enter username": "Введите имя пользователя",
    "Password": "Пароль",
    "Enter password": "Введите пароль",
    "Remember me": "Запомни меня",

    "Welcome": "Добро пожаловать",
    "View profile": "Профиль",
    "Log out": "Выйти",
    "Menu": "Меню",
    "Dashboard": "Главная",
    "Banners": "Баннеры",
    "Banner": "Баннер",
    "About us": "О нас",
    "Services": "Услуги",
    "Service": "Услуга",
    "Covers": "Обложки",
    "Cover": "Обложка",
    "Tours": "Туры",
    "Tours Page": "Туры Страница",
    "Turkmenistan Page": "Туркменистан Страница",
    "Tour": "Тур",
    "Turkmenistan": "Туркменистан",
    "Contact us": "Контакты",
    "Contact": "Контакты",
    "Messages": "Сообщения",
    "Message": "Сообщение",
    "Categories": "Категории",
    "Category": "Категория",
    "Languages": "Языки",

    "Status": "Статус",
    "Search": "Поиск",
    "Country name": "Имя страны",
    "Choose country": "Выберите страну",
    "All": "Все",
    "Create new": "Создать новое",
    "Name": "Имя",
    "Submit": "Сохранить",
    "Edit": "Изменить",
    "Delete": "Удалить",
    "Field required": "Поле обязательно",
    "want to remove": "Хотите удалить?",
    "Desc": "Описание",
    "Description": "Описание",
    "Ordering": "Порядок",
    "Image": "Изображение",
    "Choose image": "Выбрать изображение",

    "Manage your profile": "Управляйте своим профилем",
    "My profile": "Мой профиль",
    "Update profile": "Изменить профиль",
    "Cancel": "Отмена",
    "Password confirmation": "Подтверждение пароля",

    "Edit thing": "Изменить :thing",
    "Create new thing": "Создать новое :thing",
    "index page": ":name страница индекса",
    "Ordering thing": "Порядок :name",
    "not exist": ":thing не имеет",
    "Created msg": ":name создана.",
    "Updated msg": ":name обновлена.",
    "Deleted msg": ":name удалена.",
    "Ordered msg": ":name в порядке.",
    "Added msg": ":name был добавлен.",
    "Exists msg": ":name уже существует.",

    "Title": "Заголовок",
    "Subtitle": "Подзаголовок",
    "Redirect link": "Перенаправить ссылку",
    "URL": "URL-адрес",
    "Link": "Ссылка",
    "Is it active?": "Он активен?",
    "See all": "Посмотреть все",
    "Manage dashboard": "Добро пожаловать в главную панель. Здесь вы можете управлять системой.",
    "Read more": "Подробнее",
    "Active": "Активно",
    "Not active": "Не активно",
    "Create new social link": "Создать новую социальную ссылку",
    "Data": "Данные",
    "Action": "Действие",
    "Contact data": "Contact data",

    "Slug": "Прозвище",
    "Cover image": "Изображение обложки",
    "Banner image": "Баннер изображение",
    "Phone": "Телефон",
    "Email": "Эл. адрес",
    "Address": "Адрес",

    "Filters": "Фильтры",
    "Follow us": "Следуйте за нами",
    "Useful links": "Полезные ссылки",
    "Contact with Us": "Свяжитесь с нами",
    "View all": "Посмотреть все",
    "Home": "Главная",
    "Home page": "Главная страница",
    "Our services": "Наши услуги",
    "Send an inquiry": "Отправить запрос",
    "Galleries": "Галереи",
    "Include / Exclude": "Включить / Исключить",
    "Details": "Подробности",
    "Booking": "Бронирование",
    "Send inquiry": "Отправить запрос",
    
    "Send": "Отправить",
    "Surname": "Фамилия",
    "Patronymic": "Отчество",
    "Mobile number": "Мобильный номер",
    "Date of birth": "Дата рождения",
    "Applicant type": "Тип заявителя",
    "Inbound": "Входящий",
    "Outbound": "Исходящий",
    "Bound": "Направление",
    "Select Bound": "Выберите направление",
    "Scanned passport": "Скан паспорта",
    "Send a message": "Отправить сообщение",
    "Select subject": "Выберите тему",
    "Select Gender": "Выберите пол",
    "Male": "Мужчина",
    "Female": "Женщина",
    "Contact information": "Контактная информация",

    "Country": "Страна",
    "Countries": "Страны",
    "City": "Город",
    "Booking date": "Дата бронирования",
    "Room type": "Тип номера",
    "Single Bed": "Односпальная кровать",
    "Double Bed": "Двуспальная кровать",
    "King Size Bed": "Огромная кровать",
    "Double Room": "Номер на двоих",
    "single_bed": "Односпальная кровать",
    "double_bed": "Двуспальная кровать",
    "king_size_bed": "Огромная кровать",
    "double_room": "Номер на двоих",
    "Guests": "Гости",
    "Adults": "Взрослые",
    "Children": "Дети",
    "From": "Из",
    "To": "К",
    "One way": "В одну сторону",
    "Round trip": "Поездка в оба конца",
    "Boarding date": "Дата посадки",
    "Returning date": "Дата возвращения",
    "Planned date": "Планируемая дата",
    "Type passport information": "Введите паспортные данные",
    "Upload passport": "Загрузить паспорт",
    "Passport number": "Номер паспорта",
    "Passport expiry date": "Срок действия паспорта",
    "Scanned document": "Сканированный документ",
    "Inner passport and birth certificate": "Внутренний паспорт и свидетельство о рождении",
    "Document photo": "Фото документа",
    "Note": "Примечание",
    "Message qty": "Количество сообщений",
    "Subjects": "Темы",
    "Subject": "Тема",
    "Scanned passport file": "Скан паспорта",

    "Request has been sent": "Ваш запрос был отправлен.",
    "Your message has been sent": "Ваше сообщение было отправлено.",

    "TM requests": "ТМ запросы",
    "Turkmenistan requests": "Туркменистан запросы",
    "Turkmenistan request": "Туркменистан запрос",
    "Tour requests": "Тур запросы",
    "Tour request": "Тур запрос",
    "Ticket type": "Тип билета",
    "Oneway": "В одну сторону",
    "Round": "Поездка в оба конца",
    "None": "Нет",
    "Download": "Скачать",
    "Visa": "Виза",
    "Ticket": "Билет",
    "Hotel": "Отель",
    "Translation": "Перевод",
    "Visa request": "Виза запрос",
    "Visa requests": "Виза запросы",
    "Ticket request": "Билет запрос",
    "Ticket requests": "Билет запросы",
    "Hotel request": "Отель запрос",
    "Hotel requests": "Отель запросы",
    "Translation request": "Перевод запрос",
    "Translation requests": "Перевод запросы",
    "Pages": "Страницы",
    "Service Requests": "Сервис запросы",
    "Tour Requests": "Запросы на тур",
    "Date": "Дата",
    "Planned Country": "Планируемая страна",
    "Clients": "Клиенты",
    "New Clients Added": "Добавлены новые клиенты",
    "Price": "Цена",
    "per person": "на человека",
    "Discount": "Скидка",
    "Percentage": "Процент",
    "Discount end time": "Время окончания скидки",
    "Birthday":"День рождения",
    "Privacy Policy": "Политика конфиденциальности",
    "Check here to indicate that you have read and agree to the terms of the": "Отметьте здесь, чтобы указать, что вы прочитали и согласны с условиями"
}